Country,Doses administered per 100 people,Total doses administered,% of population vaccinated,% of population fully vaccinated
Afghanistan,8,3133227,2,1.1
Albania,60,1723996,33,27
Algeria,33,14082920,14,9.4
Angola,10,3134137,6.7,3.2
Argentina,114,51448854,66,49
Armenia,14,408535,8.9,4.9
Aruba,147,156061,76,70
Australia,108,27441696,65,44
Austria,122,10831184,65,61
Azerbaijan,85,8485952,47,37
Bahamas,47,184461,29,18
Bahrain,157,2582168,71,68
Bangladesh,30,48225447,19,10
Barbados,82,236589,46,36
Belarus,36,3389520,20,16
Belgium,144,16586308,75,73
Belize,81,315807,49,32
Benin,2,174104,1.3,0.2
Bhutan,142,1081086,77,65
Bolivia,58,6651655,37,28
Bosnia and Herzegovina,32,1060145,19,13
Botswana,26,606699,16,9.8
Brazil,111,234674906,71,42
Brunei,109,474407,66,43
Bulgaria,36,2530744,16,19
Burkina Faso,1,254545,1.2,0.8
Cambodia,146,24090068,81,67
Cameroon,2,461201,1.5,0.3
Canada,149,56139861,78,72
Cape Verde,75,414300,52,24
Central African Republic,3,150393,3,0.2
Chad,1,142548,0.7,0.2
Chile,168,31887444,80,75
Colombia,79,39913294,52,33
Comoros,40,336863,21,19
Congo,0,134945,0.1,0.1
Costa Rica,105,5278407,65,40
Croatia,84,3428029,45,42
Cuba,181,20535957,81,44
Curaçao,119,187252,62,57
Cyprus,97,1161031,50,46
Czech Republic,111,11796578,57,56
Denmark,151,8773228,77,75
Djibouti,7,67229,4.2,2.7
Dominican Rep.,110,11859802,56,46
Ecuador,120,20773286,65,57
Egypt,16,16223309,10,5.7
El Salvador,117,7525604,63,53
Equatorial Guinea,28,381835,16,12
Estonia,103,1367709,57,46
Eswatini,21,240002,18,18
Ethiopia,3,3660632,2.5,0.7
Fiji,114,1017195,66,48
Finland,137,7556125,75,62
France,141,94573794,75,66
French Polynesia,104,290776,54,50
Gabon,8,177392,4.6,3.5
Gambia,9,207195,7.8,7.3
Georgia,48,1774769,26,21
Germany,129,107422982,68,64
Ghana,5,1623582,2.8,2.5
Greece,113,12112128,60,57
Grenada,50,55663,30,20
Guatemala,41,6834159,27,14
Guinea,14,1732598,9.3,4.3
Guinea-Bissau,5,94715,4.5,0.4
Guyana,69,543180,46,24
Haiti,1,61545,0.4,0.2
Honduras,53,5196072,33,20
Hong Kong,116,8646366,60,56
Hungary,95,9249943,60,58
Iceland,153,551110,78,76
India,64,879692465,47,17
Indonesia,52,140235980,33,19
Iran,63,51950783,44,19
Iraq,19,7608508,12,7.5
Ireland,146,7213100,76,74
Israel,166,15067533,67,62
Italy,140,84548509,75,68
Ivory Coast,8,1982168,4.6,1.1
Jamaica,26,755782,18,8.6
Japan,130,163738220,70,59
Jordan,69,6976290,37,32
Kazakhstan,76,14095115,41,35
Kenya,7,3712030,5.4,1.7
Kiribati,31,36332,25,5.9
Kosovo,71,1312912,43,28
Kuwait,56,2375455,63,22
Kyrgyzstan,22,1448417,13,9.6
Laos,61,4402770,39,27
Latvia,85,1635365,48,44
Lebanon,42,2893789,23,19
Lesotho,16,332954,12,11
Liberia,2,113680,2.1,0.6
Libya,23,1586055,20,3
Lithuania,115,3214538,63,58
Luxembourg,127,784482,67,64
Macau,106,667489,57,49
Madagascar,1,381633,0.7,0.7
Mainland China,158,2208921000,79,75
Malawi,6,1047408,4.3,2.7
Malaysia,136,43367580,73,63
Maldives,137,729253,74,64
Mali,2,405053,1.6,1.2
Malta,163,818593,84,84
Mauritania,25,1118158,6.9,13
Mauritius,129,1633952,67,62
Mexico,79,100516964,50,35
Moldova,52,1392707,21,29
Mongolia,136,4380175,70,66
Montenegro,73,452830,39,34
Morocco,113,41099861,61,52
Mozambique,12,3644423,6.3,5.7
Myanmar,20,10935671,13,6.9
Namibia,16,407502,10,6.4
Nepal,47,13452743,25,22
Netherlands,136,23540559,74,67
New Caledonia,78,223735,49,29
New Zealand,104,5132627,66,38
Nicaragua,12,788502,7.7,4.4
Niger,2,512294,1.7,0.5
Nigeria,3,6552979,2.3,0.9
North Macedonia,73,1510665,38,35
Norway,145,7769227,77,68
Oman,128,6374064,76,52
Pakistan,37,80508569,27,13
Panama,121,5138545,69,52
Papua New Guinea,2,165070,1.4,0.5
Paraguay,64,4488153,37,26
Peru,78,25196478,47,31
Philippines,42,45147577,23,22
Poland,98,37212955,52,51
Portugal,155,15956183,87,84
Qatar,166,4708867,83,78
Republic of the Congo,6,329905,4,2.1
Romania,52,10114580,29,28
Russia,62,90015699,33,29
Rwanda,30,3760170,17,13
Saint Lucia,42,76712,25,17
Saint Vincent and the Grenadines,31,33825,18,12
Samoa,87,172316,58,29
Saudi Arabia,123,41990202,68,54
Senegal,11,1784832,7.5,3.5
Serbia,93,6456710,44,42
Sierra Leone,3,232375,2.4,0.5
Singapore,164,9353320,82,79
Slovakia,86,4700168,45,41
Slovenia,102,2123093,54,48
Solomon Islands,15,97744,11,3.5
Somalia,3,477075,1.6,1.5
South Africa,29,16999722,21,15
South Korea,121,62733685,75,49
South Sudan,1,103751,0.7,0.3
Spain,149,70022100,80,78
Sri Lanka,120,26171815,66,54
Sudan,4,1499982,1.5,1.4
Suriname,68,397606,39,29
Sweden,133,13730445,69,64
Switzerland,121,10383501,64,58
Syria,3,533949,1.7,1.5
São Tomé and Príncipe,38,82679,28,10
Taiwan,65,15441421,55,10
Tajikistan,42,3872421,25,17
Tanzania,1,350000,0.6,0.6
Thailand,66,46023016,42,23
Timor-Leste,55,711879,34,21
Togo,12,997632,7.4,5
Tonga,70,73603,44,26
Trinidad and Tobago,76,1066324,41,35
Tunisia,69,8027352,43,33
Turkey,130,108734111,64,53
Turkmenistan,1,41993,0.5,0.2
U.A.E.,205,20018034,95,84
U.K.,140,93630859,73,67
Uganda,5,2058553,3.7,0.9
Ukraine,28,12617990,16,13
United States,118,392909995,65,56
Uruguay,180,6239394,79,74
Uzbekistan,59,19969345,29,13
Vanuatu,19,57184,14,4.8
Venezuela,55,15714857,34,21
Vietnam,43,41153041,33,9.3
West Bank & Gaza,45,2129856,30,16
Yemen,1,356173,1.1,0.2
Zambia,4,720260,1.7,2.2
Zimbabwe,36,5320565,21,15
China,157,2190792000,79,73
United States of America,,,66,57